{"cameraMode":{"drawMode":0,"name":"Shaded","section":"Shading Mode"},"sceneLighting":true,"audioPlay":false,"sceneViewState":{"m_AlwaysRefresh":false,"showFog":true,"showSkybox":true,"showFlares":true,"showImageEffects":true,"showParticleSystems":true,"showVisualEffectGraphs":true,"m_FxEnabled":true},"in2DMode":false,"pivot":{"x":19.70867156982422,"y":0.05113983154296875,"z":56.46062088012695},"rotation":{"x":0.17134396731853486,"y":0.05848374590277672,"z":-0.010190056636929512,"w":0.983426570892334},"size":34.83209228515625,"orthographic":false}